link,price,description
https://www.kufar.by/item/126916128?searchId=c5392ee3e399e065d5a2ea9722cb26737db1,937,Кухни Студии от производителя. РассрочкаВитебскДоставкаРассрочка
https://www.kufar.by/item/199805861?searchId=c5392ee3e399e065d5a2ea9722cb26737db1,319,"Недорогие фабричные прихожие с доставкой по РБМинск, ПервомайскийДоставка по БеларусиРассрочка"
https://www.kufar.by/item/182842948?searchId=c5392ee3e399e065d5a2ea9722cb26737db1,550,"Кухня модуль Минск, ЛенинскийДоставка по Беларуси"
https://www.kufar.by/item/170708625?rank=0&searchId=c5392ee3e399e065d5a2ea9722cb26737db1,1700,Диван натуральная кожа Гомель
https://www.kufar.by/item/197653490?rank=1&searchId=c5392ee3e399e065d5a2ea9722cb26737db1,320,"Кроватка-маятник, много чего отдам в комплекте Гомель"
https://www.kufar.by/item/158663102?rank=2&searchId=c5392ee3e399e065d5a2ea9722cb26737db1,1450, Новый прямой диван-кровать ''LOFT'' АКЦИЯВитебскДоставка по Беларуси
https://www.kufar.by/item/200389836?rank=3&searchId=c5392ee3e399e065d5a2ea9722cb26737db1,300,Стол раздвижной из дерева Брест
https://www.kufar.by/item/178946325?rank=4&searchId=c5392ee3e399e065d5a2ea9722cb26737db1,200,"ПРОДАМ СЕКЦИЯ, ГОРКА , СТЕНКАМинск, Фрунзенский"
https://www.kufar.by/item/200389802?rank=5&searchId=c5392ee3e399e065d5a2ea9722cb26737db1,300,"Двухспальная кроватьБрестская, Барановичи"
https://www.kufar.by/item/199363520?rank=6&searchId=c5392ee3e399e065d5a2ea9722cb26737db1,125,Диван трёхместный . Срочно Могилев
https://www.kufar.by/item/200389782?rank=7&searchId=c5392ee3e399e065d5a2ea9722cb26737db1,20,"МатрасМинск, Советский"
https://www.kufar.by/item/200389742?rank=8&searchId=c5392ee3e399e065d5a2ea9722cb26737db1,160,"Крепкий, требует перетяжкиВитебск"
https://www.kufar.by/item/194914010?rank=10&searchId=c5392ee3e399e065d5a2ea9722cb26737db1,30,"ШкафГродненская, Лида"
https://www.kufar.by/item/200388515?rank=11&searchId=c5392ee3e399e065d5a2ea9722cb26737db1,80,"Стол компьютерный Киви (новый, в упаковке)Минск, Ленинский"
https://www.kufar.by/item/200389688?rank=12&searchId=c5392ee3e399e065d5a2ea9722cb26737db1,75,"Комплект мебели с детским столом Брестская, Ганцевичи"
https://www.kufar.by/item/200389680?rank=13&searchId=c5392ee3e399e065d5a2ea9722cb26737db1,40,"Стол-книга СССР Минск, Фрунзенский"
https://www.kufar.by/item/199639273?rank=14&searchId=c5392ee3e399e065d5a2ea9722cb26737db1,500,Комплект мебели для детскойБрест
https://www.kufar.by/item/200389624?rank=15&searchId=c5392ee3e399e065d5a2ea9722cb26737db1,50,"ДиванГомельская, Жлобин"
https://www.kufar.by/item/200389618?rank=16&searchId=c5392ee3e399e065d5a2ea9722cb26737db1,60,"Журнальный столик Минск, Ленинский"
https://www.kufar.by/item/200389604?rank=18&searchId=c5392ee3e399e065d5a2ea9722cb26737db1,5,"Защёлка дверная Минск, Заводской"
https://www.kufar.by/item/200388491?rank=19&searchId=c5392ee3e399e065d5a2ea9722cb26737db1,50,"Столешница ( постформинг)Минск, Фрунзенский"
https://www.kufar.by/item/124216444?rank=20&searchId=c5392ee3e399e065d5a2ea9722cb26737db1,1111,Модульная система для прихожей «Вега»ВитебскДоставкаРассрочка
https://www.kufar.by/item/200389554?rank=21&searchId=c5392ee3e399e065d5a2ea9722cb26737db1,150,"Диван- кровать Брестская, Барановичи"
https://www.kufar.by/item/158185720?rank=22&searchId=c5392ee3e399e065d5a2ea9722cb26737db1,1650,Новый Угловой диван-кровать ''Loft''МогилевДоставка по Беларуси
https://www.kufar.by/item/200389464?rank=23&searchId=c5392ee3e399e065d5a2ea9722cb26737db1,450,"Тумба Тиффани анрексБрестская, Ивацевичи"
https://www.kufar.by/item/200389454?rank=24&searchId=c5392ee3e399e065d5a2ea9722cb26737db1,150,Кровать с матрасом Гродно
https://www.kufar.by/item/200389418?rank=25&searchId=c5392ee3e399e065d5a2ea9722cb26737db1,90,Пуф 70*70Гродно
https://www.kufar.by/item/200389411?rank=26&searchId=c5392ee3e399e065d5a2ea9722cb26737db1,260,"КомодГомельская, Мозырь"
https://www.kufar.by/item/200389406?rank=27&searchId=c5392ee3e399e065d5a2ea9722cb26737db1,150,"Кровать Минская, Борисов"
https://www.kufar.by/item/200389355?rank=28&searchId=c5392ee3e399e065d5a2ea9722cb26737db1,180,Стол раздвижной в хорошем состоянииБрест
https://www.kufar.by/item/197633748?rank=31&searchId=c5392ee3e399e065d5a2ea9722cb26737db1,2980,Диван «Карат Люкс» угловойВитебскДоставкаРассрочка
https://www.kufar.by/item/155105973?rank=32&searchId=c5392ee3e399e065d5a2ea9722cb26737db1,179,"Кресло мешок. Велюр и мех. Доставка по РБ.Минск, ФрунзенскийДоставка по Беларуси"
https://www.kufar.by/item/189600010?rank=33&searchId=c5392ee3e399e065d5a2ea9722cb26737db1,280,"Стол кухонный обеденный круглый в стиле лофтМинск, ФрунзенскийДоставка по Беларуси"
https://www.kufar.by/item/200389308?rank=34&searchId=c5392ee3e399e065d5a2ea9722cb26737db1,280,"Шкаф трёхдверный Минская, Борисов"
https://www.kufar.by/item/187780869?rank=35&searchId=c5392ee3e399e065d5a2ea9722cb26737db1,1399,Диван-кровать ''Влада 8/3''Гомель
https://www.kufar.by/item/160752841?rank=36&searchId=c5392ee3e399e065d5a2ea9722cb26737db1,887,Кухонный гарнитур 200 смГродноРассрочка
https://www.kufar.by/item/200389285?rank=37&searchId=c5392ee3e399e065d5a2ea9722cb26737db1,150,Кресло компьютерное (офисное)Витебск
https://www.kufar.by/item/191962062?rank=38&searchId=c5392ee3e399e065d5a2ea9722cb26737db1,239,"Кровать(1600/2000) «Лофт».Бесплатная доставка по РБ. Минск, ОктябрьскийДоставка по Беларуси"
https://www.kufar.by/item/189031049?rank=40&searchId=c5392ee3e399e065d5a2ea9722cb26737db1,189,"Тумба прикроватная Nature 42. ДоставкаМинск, ФрунзенскийДоставка по БеларусиРассрочка"
https://www.kufar.by/item/193735079?rank=41&searchId=c5392ee3e399e065d5a2ea9722cb26737db1,142,"Кресло-мяч, кресло-мешок Брестская, БарановичиДоставка по Беларуси"
https://www.kufar.by/item/195984269?rank=42&searchId=c5392ee3e399e065d5a2ea9722cb26737db1,57,"Полка навесная. Разные модели. Доставка по РБМинск, ЦентральныйДоставка по БеларусиРассрочка"
https://www.kufar.by/item/158663102,1450, Новый прямой диван-кровать ''LOFT'' АКЦИЯВитебскДоставка по Беларуси
https://www.kufar.by/item/158185720,1650,Новый Угловой диван-кровать ''Loft''МогилевДоставка по Беларуси
https://www.kufar.by/item/155105973,179,"Кресло мешок. Велюр и мех. Доставка по РБ.Минск, ФрунзенскийДоставка по Беларуси"
https://www.kufar.by/item/189600010,280,"Стол кухонный обеденный круглый в стиле лофтМинск, ФрунзенскийДоставка по Беларуси"
https://www.kufar.by/item/191962062,239,"Кровать(1600/2000) «Лофт».Бесплатная доставка по РБ. Минск, ОктябрьскийДоставка по Беларуси"
https://www.kufar.by/item/189031049,189,"Тумба прикроватная Nature 42. ДоставкаМинск, ФрунзенскийДоставка по БеларусиРассрочка"
https://www.kufar.by/item/193735079,142,"Кресло-мяч, кресло-мешок Брестская, БарановичиДоставка по Беларуси"
https://www.kufar.by/item/126916128?searchId=debdf01a69f9adb1be3952e6ef8c8a246445,937,Кухни Студии от производителя. РассрочкаВитебскДоставкаРассрочка
https://www.kufar.by/item/199805861?searchId=debdf01a69f9adb1be3952e6ef8c8a246445,319,"Недорогие фабричные прихожие с доставкой по РБМинск, ПервомайскийДоставка по БеларусиРассрочка"
https://www.kufar.by/item/182842948?searchId=debdf01a69f9adb1be3952e6ef8c8a246445,550,"Кухня модуль Минск, ЛенинскийДоставка по Беларуси"
https://www.kufar.by/item/189031049?rank=44&searchId=debdf01a69f9adb1be3952e6ef8c8a246445,189,"Тумба прикроватная Nature 42. ДоставкаМинск, ФрунзенскийДоставка по БеларусиРассрочка"
https://www.kufar.by/item/193735079?rank=45&searchId=debdf01a69f9adb1be3952e6ef8c8a246445,142,"Кресло-мяч, кресло-мешок Брестская, БарановичиДоставка по Беларуси"
https://www.kufar.by/item/195984269?rank=46&searchId=debdf01a69f9adb1be3952e6ef8c8a246445,57,"Полка навесная. Разные модели. Доставка по РБМинск, ЦентральныйДоставка по БеларусиРассрочка"
https://www.kufar.by/item/200389252?rank=50&searchId=debdf01a69f9adb1be3952e6ef8c8a246445,30,"Компьютерный стол Минская, Фаниполь"
https://www.kufar.by/item/200389244?rank=51&searchId=debdf01a69f9adb1be3952e6ef8c8a246445,1200,Спальный гарнитур Брест
https://www.kufar.by/item/200389240?rank=52&searchId=debdf01a69f9adb1be3952e6ef8c8a246445,60,"Подкатной столик Минск, Ленинский"
https://www.kufar.by/item/200389229?rank=53&searchId=debdf01a69f9adb1be3952e6ef8c8a246445,330,Детская кровать - машинка с матрасомГродно
https://www.kufar.by/item/199421197?rank=54&searchId=debdf01a69f9adb1be3952e6ef8c8a246445,769,"Стол Кронос, Рассрочка 6 месяцев, ДоставкаБрестДоставка по Беларуси"
https://www.kufar.by/item/200388149?rank=55&searchId=debdf01a69f9adb1be3952e6ef8c8a246445,150,"Двери в шкаф купе 2 штМинская, Борисов"
https://www.kufar.by/item/175784141?rank=56&searchId=debdf01a69f9adb1be3952e6ef8c8a246445,274,Стол журнальный на дубовой основеГродно
https://www.kufar.by/item/198955591?rank=57&searchId=debdf01a69f9adb1be3952e6ef8c8a246445,199,"Акриловые кухни / Без переплат / Выезд дизайнераВитебская, ПолоцкДоставкаРассрочка"
https://www.kufar.by/item/200389162?rank=58&searchId=debdf01a69f9adb1be3952e6ef8c8a246445,99,"Парта для ребенкаБрестская, Ивацевичи"
https://www.kufar.by/item/194722097?rank=59&searchId=debdf01a69f9adb1be3952e6ef8c8a246445,527,"Столы из дубаМинск, ЦентральныйДоставка по Беларуси"
https://www.kufar.by/item/200388377?rank=60&searchId=debdf01a69f9adb1be3952e6ef8c8a246445,130,"Стол компьютерный Гомельская, Жлобин"
https://www.kufar.by/item/200389113?rank=61&searchId=debdf01a69f9adb1be3952e6ef8c8a246445,55,"Двухместный диван Икеа б/уМинск, Московский"
https://www.kufar.by/item/200178832?rank=62&searchId=debdf01a69f9adb1be3952e6ef8c8a246445,400,"Диван угловой Николлети. Минск, Ленинский"
https://www.kufar.by/item/200389027?rank=63&searchId=debdf01a69f9adb1be3952e6ef8c8a246445,200,"Шкаф Ами мебель б/уМинская, Мядель"
https://www.kufar.by/item/200389002?rank=64&searchId=debdf01a69f9adb1be3952e6ef8c8a246445,35,"Комод, секции шкафов, шкафБрест"
https://www.kufar.by/item/200388982?rank=65&searchId=debdf01a69f9adb1be3952e6ef8c8a246445,700,"ДиванМинск, Ленинский"
https://www.kufar.by/item/200388959?rank=69&searchId=debdf01a69f9adb1be3952e6ef8c8a246445,50,ящики для хранения 4штГомель
https://www.kufar.by/item/200075634?rank=70&searchId=debdf01a69f9adb1be3952e6ef8c8a246445,450,"Кровать детскаяМинск, Московский"
https://www.kufar.by/item/200388924?rank=71&searchId=debdf01a69f9adb1be3952e6ef8c8a246445,8,"Полка на ваннуМинск, Октябрьский"
https://www.kufar.by/item/200388921?rank=72&searchId=debdf01a69f9adb1be3952e6ef8c8a246445,150,Стенка 5-ти секционная Могилев
https://www.kufar.by/item/200388886?rank=73&searchId=debdf01a69f9adb1be3952e6ef8c8a246445,450,Кровать двухъярусная Гомель
https://www.kufar.by/item/200388875?rank=74&searchId=debdf01a69f9adb1be3952e6ef8c8a246445,150,МанежБрест
https://www.kufar.by/item/193981505?rank=75&searchId=debdf01a69f9adb1be3952e6ef8c8a246445,100,"СРОЧНО Продам 2 кресла.Минск, Московский"
https://www.kufar.by/item/200388872?rank=76&searchId=debdf01a69f9adb1be3952e6ef8c8a246445,70,"Прикроватный столикМинск, Центральный"
https://www.kufar.by/item/200388877?rank=77&searchId=debdf01a69f9adb1be3952e6ef8c8a246445,100,"Кресло мешокМинская, Борисов"
https://www.kufar.by/item/20273771?rank=78&searchId=debdf01a69f9adb1be3952e6ef8c8a246445,25,04 Обеденный Стул Стол Табурет ДоставкаГродноДоставка
https://www.kufar.by/item/56832184?rank=79&searchId=debdf01a69f9adb1be3952e6ef8c8a246445,25,03 РАСПРОДАЖА  Стульев Табурет по РБМогилевДоставка
https://www.kufar.by/item/200388790?rank=80&searchId=debdf01a69f9adb1be3952e6ef8c8a246445,20,"Матрас 120*60Гродненская, Берестовица"
https://www.kufar.by/item/185704381?rank=81&searchId=debdf01a69f9adb1be3952e6ef8c8a246445,70,"70р только 5 дней Стол компьютерный угловойМинск, Ленинский"
https://www.kufar.by/item/200388721?rank=82&searchId=debdf01a69f9adb1be3952e6ef8c8a246445,100,"Стеллаж книжныйМинск, Московский"
https://www.kufar.by/item/200388714?rank=83&searchId=debdf01a69f9adb1be3952e6ef8c8a246445,250,КроватьГомель
https://www.kufar.by/item/200388704?rank=84&searchId=debdf01a69f9adb1be3952e6ef8c8a246445,290,"Кроватка идеальное состояние трансформерМинск, Советский"
https://www.kufar.by/item/200388705?rank=85&searchId=debdf01a69f9adb1be3952e6ef8c8a246445,150,"Двухъярусная кровать AlbaБрестская, Ганцевичи"
https://www.kufar.by/item/158663102,1450, Новый прямой диван-кровать ''LOFT'' АКЦИЯВитебскДоставка по Беларуси
https://www.kufar.by/item/158185720,1650,Новый Угловой диван-кровать ''Loft''МогилевДоставка по Беларуси
https://www.kufar.by/item/155105973,179,"Кресло мешок. Велюр и мех. Доставка по РБ.Минск, ФрунзенскийДоставка по Беларуси"
https://www.kufar.by/item/189600010,280,"Стол кухонный обеденный круглый в стиле лофтМинск, ФрунзенскийДоставка по Беларуси"
https://www.kufar.by/item/191962062,239,"Кровать(1600/2000) «Лофт».Бесплатная доставка по РБ. Минск, ОктябрьскийДоставка по Беларуси"
https://www.kufar.by/item/189031049,189,"Тумба прикроватная Nature 42. ДоставкаМинск, ФрунзенскийДоставка по БеларусиРассрочка"
https://www.kufar.by/item/193735079,142,"Кресло-мяч, кресло-мешок Брестская, БарановичиДоставка по Беларуси"
https://www.kufar.by/item/126916128?searchId=f2308d3c161988c4279c751b07812ad5858a,937,Кухни Студии от производителя. РассрочкаВитебскДоставкаРассрочка
https://www.kufar.by/item/199805861?searchId=f2308d3c161988c4279c751b07812ad5858a,319,"Недорогие фабричные прихожие с доставкой по РБМинск, ПервомайскийДоставка по БеларусиРассрочка"
https://www.kufar.by/item/182842948?searchId=f2308d3c161988c4279c751b07812ad5858a,550,"Кухня модуль Минск, ЛенинскийДоставка по Беларуси"
https://www.kufar.by/item/198051318?rank=86&searchId=f2308d3c161988c4279c751b07812ad5858a,260,"Кресло Лорд Минская, Солигорск"
https://www.kufar.by/item/199653293?rank=87&searchId=f2308d3c161988c4279c751b07812ad5858a,350,Шкаф купеВитебск
https://www.kufar.by/item/200388609?rank=89&searchId=f2308d3c161988c4279c751b07812ad5858a,70,"Продам срочно кровать с матрасом,отличное состояниГомель"
https://www.kufar.by/item/200388593?rank=90&searchId=f2308d3c161988c4279c751b07812ad5858a,150,"Стулья для кухниГомельская, Мозырь"
https://www.kufar.by/item/200388569?rank=91&searchId=f2308d3c161988c4279c751b07812ad5858a,100,КроваткаБрест
https://www.kufar.by/item/200388547?rank=92&searchId=f2308d3c161988c4279c751b07812ad5858a,300,"Продам детская кроватка 3/1 Минск, Советский"
https://www.kufar.by/item/166324008?rank=93&searchId=f2308d3c161988c4279c751b07812ad5858a,260,"комод  К-2 800*980*440Минск, СоветскийДоставка по Беларуси"
https://www.kufar.by/item/187653219?rank=94&searchId=f2308d3c161988c4279c751b07812ad5858a,1500,"Диван кожаный раскладнойМинск, Первомайский"
https://www.kufar.by/item/200388433?rank=95&searchId=f2308d3c161988c4279c751b07812ad5858a,100,"Детская кроватка Bambini маятник+ящикМинская, Борисов"
https://www.kufar.by/item/200388436?rank=96&searchId=f2308d3c161988c4279c751b07812ad5858a,580,Угловой диван Гродно
https://www.kufar.by/item/182711248?rank=97&searchId=f2308d3c161988c4279c751b07812ad5858a,280,"Продам кроватку,детскуюМинск, Первомайский"
https://www.kufar.by/item/198910413?rank=99&searchId=f2308d3c161988c4279c751b07812ad5858a,500,Набор мебели шкаф+стол+полки Могилев
https://www.kufar.by/item/200388382?rank=100&searchId=f2308d3c161988c4279c751b07812ad5858a,40,"Кроватки на маятнике 2 штуки Минск, Центральный"
https://www.kufar.by/item/199619095?rank=101&searchId=f2308d3c161988c4279c751b07812ad5858a,1200,"Диван Минск, Советский"
https://www.kufar.by/item/200388348?rank=102&searchId=f2308d3c161988c4279c751b07812ad5858a,100,"Стул барный Минск, Ленинский"
https://www.kufar.by/item/196210955?rank=103&searchId=f2308d3c161988c4279c751b07812ad5858a,150,"Тумба офисная на колесикахМинск, Центральный"
https://www.kufar.by/item/200388308?rank=105&searchId=f2308d3c161988c4279c751b07812ad5858a,50,КроватьГомель
https://www.kufar.by/item/200388306?rank=106&searchId=f2308d3c161988c4279c751b07812ad5858a,80,ДиванВитебск
https://www.kufar.by/item/200388281?rank=107&searchId=f2308d3c161988c4279c751b07812ad5858a,20,"Тумба -пенал 175дх42шх44в- 20рМинск, Первомайский"
https://www.kufar.by/item/196514559?rank=108&searchId=f2308d3c161988c4279c751b07812ad5858a,330,"КроваткаГомельская, Наровля"
https://www.kufar.by/item/200388271?rank=109&searchId=f2308d3c161988c4279c751b07812ad5858a,80,"КроватьМинск, Ленинский"
https://www.kufar.by/item/200388258?rank=110&searchId=f2308d3c161988c4279c751b07812ad5858a,500,"Угловой диван производство Пинск -мебель Могилевская, Бобруйск"
https://www.kufar.by/item/200176364?rank=111&searchId=f2308d3c161988c4279c751b07812ad5858a,270,"Угловой раскладной диван Г-образной формыМинск, Первомайский"
https://www.kufar.by/item/198296052?rank=112&searchId=f2308d3c161988c4279c751b07812ad5858a,280,"Секция со шкафом, продам. ТоргМинск, Московский"
https://www.kufar.by/item/200388189?rank=113&searchId=f2308d3c161988c4279c751b07812ad5858a,200,"ТахтаМогилевская, Бобруйск"
https://www.kufar.by/item/200304281?rank=114&searchId=f2308d3c161988c4279c751b07812ad5858a,300,"ПРОДАНОДетская кроватка Комфорт+матрас+набор пост.Минск, Заводской"
https://www.kufar.by/item/200388137?rank=115&searchId=f2308d3c161988c4279c751b07812ad5858a,1500,"Угловой кожаный диван Минск, Октябрьский"
https://www.kufar.by/item/200388125?rank=116&searchId=f2308d3c161988c4279c751b07812ad5858a,300,"Кровать Ikea 70*160 см + матрас VegasМинск, Центральный"
https://www.kufar.by/item/200388103?rank=117&searchId=f2308d3c161988c4279c751b07812ad5858a,135,"Растущая парта Дэми с полкой и защитной пленкойМинск, Московский"
https://www.kufar.by/item/185635413?rank=118&searchId=f2308d3c161988c4279c751b07812ad5858a,470,"Продам стенку Минская, Другие города"
https://www.kufar.by/item/200388020?rank=119&searchId=f2308d3c161988c4279c751b07812ad5858a,110,"Детская кроваткаМинск, Фрунзенский"
https://www.kufar.by/item/135918970?rank=120&searchId=f2308d3c161988c4279c751b07812ad5858a,25,Стол стулья 17 цветов табуретки ДОСТАВКА по РБМогилевДоставка по Беларуси
https://www.kufar.by/item/200388008?rank=121&searchId=f2308d3c161988c4279c751b07812ad5858a,150,Комод деревянный KseniaМогилев
https://www.kufar.by/item/200387975?rank=122&searchId=f2308d3c161988c4279c751b07812ad5858a,145,"Стол компьютерный, письменныйВитебская, Полоцк"
https://www.kufar.by/item/200386842?rank=123&searchId=f2308d3c161988c4279c751b07812ad5858a,100,"СтеллажМинск, Фрунзенский"
https://www.kufar.by/item/200387001?rank=124&searchId=f2308d3c161988c4279c751b07812ad5858a,150,"Стол со шкафчиком Минская, Борисов"
https://www.kufar.by/item/197294358?rank=125&searchId=f2308d3c161988c4279c751b07812ad5858a,150,"Кровать Гомельская, Наровля"
https://www.kufar.by/item/200387940?rank=126&searchId=f2308d3c161988c4279c751b07812ad5858a,50,ТахтаГродно
https://www.kufar.by/item/200387935?rank=127&searchId=f2308d3c161988c4279c751b07812ad5858a,30,"КреслаВитебская, Полоцк"
https://www.kufar.by/item/158663102,1450, Новый прямой диван-кровать ''LOFT'' АКЦИЯВитебскДоставка по Беларуси
https://www.kufar.by/item/158185720,1650,Новый Угловой диван-кровать ''Loft''МогилевДоставка по Беларуси
https://www.kufar.by/item/155105973,179,"Кресло мешок. Велюр и мех. Доставка по РБ.Минск, ФрунзенскийДоставка по Беларуси"
https://www.kufar.by/item/189600010,280,"Стол кухонный обеденный круглый в стиле лофтМинск, ФрунзенскийДоставка по Беларуси"
https://www.kufar.by/item/191962062,239,"Кровать(1600/2000) «Лофт».Бесплатная доставка по РБ. Минск, ОктябрьскийДоставка по Беларуси"
https://www.kufar.by/item/189031049,189,"Тумба прикроватная Nature 42. ДоставкаМинск, ФрунзенскийДоставка по БеларусиРассрочка"
https://www.kufar.by/item/193735079,142,"Кресло-мяч, кресло-мешок Брестская, БарановичиДоставка по Беларуси"
https://www.kufar.by/item/126916128?searchId=c5c65b901e7896c3374cecdb9d1ad2cc5a53,937,Кухни Студии от производителя. РассрочкаВитебскДоставкаРассрочка
https://www.kufar.by/item/199805861?searchId=c5c65b901e7896c3374cecdb9d1ad2cc5a53,319,"Недорогие фабричные прихожие с доставкой по РБМинск, ПервомайскийДоставка по БеларусиРассрочка"
https://www.kufar.by/item/182842948?searchId=c5c65b901e7896c3374cecdb9d1ad2cc5a53,550,"Кухня модуль Минск, ЛенинскийДоставка по Беларуси"
https://www.kufar.by/item/200387908?rank=172&searchId=c5c65b901e7896c3374cecdb9d1ad2cc5a53,200,Кроватка для девочки Могилев
https://www.kufar.by/item/184608926?rank=173&searchId=c5c65b901e7896c3374cecdb9d1ad2cc5a53,250,"Комод в цвете шоколадМинск, ЦентральныйДоставка"
https://www.kufar.by/item/192101482?rank=174&searchId=c5c65b901e7896c3374cecdb9d1ad2cc5a53,135,"Стеллаж Минск, ФрунзенскийДоставка"
https://www.kufar.by/item/200387822?rank=175&searchId=c5c65b901e7896c3374cecdb9d1ad2cc5a53,270,Двухспальная кроватьГродно
https://www.kufar.by/item/200387807?rank=176&searchId=c5c65b901e7896c3374cecdb9d1ad2cc5a53,560,"Диван ''Николлети'' угловой (угол меняется) Минск, Заводской"
https://www.kufar.by/item/200386762?rank=177&searchId=c5c65b901e7896c3374cecdb9d1ad2cc5a53,950,"Кухня Могилевская, Осиповичи"
https://www.kufar.by/item/197760074?rank=178&searchId=c5c65b901e7896c3374cecdb9d1ad2cc5a53,300,"Кровать-машинка ТУРБО Спайдер   Красная 2шт ТОРГ Минск, Заводской"
https://www.kufar.by/item/200387732?rank=179&searchId=c5c65b901e7896c3374cecdb9d1ad2cc5a53,50,"КроватьВитебская, Полоцк"
https://www.kufar.by/item/200387723?rank=180&searchId=c5c65b901e7896c3374cecdb9d1ad2cc5a53,100,СтульяБрест
https://www.kufar.by/item/198253066?rank=181&searchId=c5c65b901e7896c3374cecdb9d1ad2cc5a53,430,Классный шкаф в детскую комнату ТоргБрест
https://www.kufar.by/item/114471032?rank=182&searchId=c5c65b901e7896c3374cecdb9d1ad2cc5a53,480,"Прямой Диван Парма собственного производстваМинск, Заводской"
https://www.kufar.by/item/200387692?rank=183&searchId=c5c65b901e7896c3374cecdb9d1ad2cc5a53,50,"Тумба/ шкаф/ стол для детской комнатыМинск, Московский"
https://www.kufar.by/item/195854444?rank=184&searchId=c5c65b901e7896c3374cecdb9d1ad2cc5a53,2000,"Комплект мебели в детскую INVOLUX ( Инволюкс)Брестская, Барановичи"
https://www.kufar.by/item/200387669?rank=185&searchId=c5c65b901e7896c3374cecdb9d1ad2cc5a53,40,"МатрасВитебская, Полоцк"
https://www.kufar.by/item/200387659?rank=186&searchId=c5c65b901e7896c3374cecdb9d1ad2cc5a53,1000,"Кухня Минская, Другие города"
https://www.kufar.by/item/200387597?rank=189&searchId=c5c65b901e7896c3374cecdb9d1ad2cc5a53,500,Тахта угловаяГродно
https://www.kufar.by/item/200387588?rank=190&searchId=c5c65b901e7896c3374cecdb9d1ad2cc5a53,100,"Тумба 110×48Могилевская, Бобруйск"
https://www.kufar.by/item/200387576?rank=191&searchId=c5c65b901e7896c3374cecdb9d1ad2cc5a53,350,"Детская кроватка трансформер 8 в 1Минская, Другие города"
https://www.kufar.by/item/200387560?rank=192&searchId=c5c65b901e7896c3374cecdb9d1ad2cc5a53,250,"Диван и креслаВитебская, Новополоцк"
https://www.kufar.by/item/196266893?rank=193&searchId=c5c65b901e7896c3374cecdb9d1ad2cc5a53,70,"ПрихожаяБрестская, Барановичи"
https://www.kufar.by/item/197970222?rank=194&searchId=c5c65b901e7896c3374cecdb9d1ad2cc5a53,290,Большой шкаф с раздвижными дверями (гардероб)Гродно
https://www.kufar.by/item/200387432?rank=195&searchId=c5c65b901e7896c3374cecdb9d1ad2cc5a53,60,"Детская кровать + матрасик + бортикиГомельская, Речица"
https://www.kufar.by/item/200386127?rank=196&searchId=c5c65b901e7896c3374cecdb9d1ad2cc5a53,30,Матрас для детской кровати Гомель
https://www.kufar.by/item/200387405?rank=197&searchId=c5c65b901e7896c3374cecdb9d1ad2cc5a53,150,Стол и колонны подставкиБрест
https://www.kufar.by/item/58382673?rank=198&searchId=c5c65b901e7896c3374cecdb9d1ad2cc5a53,338,"Кровать детская Дарья-1  140х60  Минск, ЗаводскойДоставка по БеларусиРассрочка"
https://www.kufar.by/item/164844754?rank=199&searchId=c5c65b901e7896c3374cecdb9d1ad2cc5a53,470,"Комод на 8 шуфляд. Под заказ и в наличииМинск, Заводской"
https://www.kufar.by/item/200385940?rank=200&searchId=c5c65b901e7896c3374cecdb9d1ad2cc5a53,60,"Стол письменный/компьютерныйМинск, Фрунзенский"
https://www.kufar.by/item/200387324?rank=201&searchId=c5c65b901e7896c3374cecdb9d1ad2cc5a53,1000,СтенкаГродно
https://www.kufar.by/item/200387279?rank=202&searchId=c5c65b901e7896c3374cecdb9d1ad2cc5a53,250,стол 2-х компонентный Брест
https://www.kufar.by/item/200387222?rank=204&searchId=c5c65b901e7896c3374cecdb9d1ad2cc5a53,350,"СРОЧНО Диван кровать ортопедическийМогилевская, Бобруйск"
https://www.kufar.by/item/200387215?rank=205&searchId=c5c65b901e7896c3374cecdb9d1ad2cc5a53,90,"Шкаф книжныйБрестская, Пинск"
https://www.kufar.by/item/200387192?rank=207&searchId=c5c65b901e7896c3374cecdb9d1ad2cc5a53,50,"Срочно вместительный шкаф с зеркаламиМинск, Фрунзенский"
https://www.kufar.by/item/200387180?rank=208&searchId=c5c65b901e7896c3374cecdb9d1ad2cc5a53,50,"Полка книжнаяМинск, Ленинский"
https://www.kufar.by/item/200387149?rank=209&searchId=c5c65b901e7896c3374cecdb9d1ad2cc5a53,65,"Тахта Минск, Ленинский"
https://www.kufar.by/item/200387143?rank=210&searchId=c5c65b901e7896c3374cecdb9d1ad2cc5a53,590,"Диван-кроватьБрестская, Иваново"
https://www.kufar.by/item/200387134?rank=211&searchId=c5c65b901e7896c3374cecdb9d1ad2cc5a53,95,Камин электро ВеронаБрест
https://www.kufar.by/item/200387102?rank=212&searchId=c5c65b901e7896c3374cecdb9d1ad2cc5a53,400,"Диванчик раскладнойМинская, Слуцк"
https://www.kufar.by/item/200387104?rank=213&searchId=c5c65b901e7896c3374cecdb9d1ad2cc5a53,7,Ящики для шкафа 10штБрест
https://www.kufar.by/item/200385640?rank=214&searchId=c5c65b901e7896c3374cecdb9d1ad2cc5a53,200,Мебель диванМогилев
https://www.kufar.by/item/158663102,1450, Новый прямой диван-кровать ''LOFT'' АКЦИЯВитебскДоставка по Беларуси
https://www.kufar.by/item/158185720,1650,Новый Угловой диван-кровать ''Loft''МогилевДоставка по Беларуси
https://www.kufar.by/item/155105973,179,"Кресло мешок. Велюр и мех. Доставка по РБ.Минск, ФрунзенскийДоставка по Беларуси"
https://www.kufar.by/item/189600010,280,"Стол кухонный обеденный круглый в стиле лофтМинск, ФрунзенскийДоставка по Беларуси"
https://www.kufar.by/item/191962062,239,"Кровать(1600/2000) «Лофт».Бесплатная доставка по РБ. Минск, ОктябрьскийДоставка по Беларуси"
https://www.kufar.by/item/189031049,189,"Тумба прикроватная Nature 42. ДоставкаМинск, ФрунзенскийДоставка по БеларусиРассрочка"
https://www.kufar.by/item/193735079,142,"Кресло-мяч, кресло-мешок Брестская, БарановичиДоставка по Беларуси"
https://www.kufar.by/item/199420125435345,730,"Стол Гелиос, Рассрочка 6 месяце, ДоставкаБрестДоставка по Беларуси"
https://www.kufar.by/item/199420125435345,730,"Стол Гелиос, Рассрочка 6 месяце, ДоставкаБрестДоставка по Беларуси"
